aar,ordningsgruppe,ordning_navn,maalt,utvalg,innkjopt,uavklart
2018,Oversatt litteratur,Innkjøpsordningen for oversatt litteratur,2025-06,261,124,0
2018,Sakprosa,Innkjøpsordningen for ny norsk sakprosa for barn og unge,2025-06,30,21,0
2018,Sakprosa,Innkjøpsordningen for ny norsk sakprosa for voksne,2025-06,373,104,0
2018,Skjønnlitteratur,Innkjøpsordningen for ny norsk skjønnlitteratur,2025-06,491,367,0
2018,Tegneserier,Innkjøpsordningen for nye norske tegneserier,2025-06,38,18,0
2019,Oversatt litteratur,Innkjøpsordningen for oversatt litteratur,2025-06,258,124,0
2019,Sakprosa,Innkjøpsordningen for ny norsk sakprosa for barn og unge,2025-06,56,27,0
2019,Sakprosa,Innkjøpsordningen for ny norsk sakprosa for voksne,2025-06,342,96,0
2019,Skjønnlitteratur,Innkjøpsordningen for ny norsk skjønnlitteratur,2025-06,549,396,0
2019,Tegneserier,Innkjøpsordningen for nye norske tegneserier,2025-06,47,19,0
2020,Oversatt litteratur,Innkjøpsordningen for oversatt litteratur,2025-06,233,119,0
2020,Sakprosa,Innkjøpsordningen for ny norsk sakprosa for barn og unge,2025-06,56,28,0
2020,Sakprosa,Innkjøpsordningen for ny norsk sakprosa for voksne,2025-06,382,107,0
2020,Skjønnlitteratur,Innkjøpsordningen for ny norsk skjønnlitteratur,2025-06,529,363,0
2020,Tegneserier,Innkjøpsordningen for nye norske tegneserier,2025-06,40,23,0
2021,Oversatt litteratur,Innkjøpsordningen for oversatt litteratur,2025-06,227,130,0
2021,Sakprosa,Innkjøpsordningen for ny norsk sakprosa for barn og unge,2025-06,46,30,0
2021,Sakprosa,Innkjøpsordningen for ny norsk sakprosa for voksne,2025-06,393,128,0
2021,Skjønnlitteratur,Automatisk ordning for skjønnlitteratur for barn og unge,2025-06,131,112,0
2021,Skjønnlitteratur,Automatisk ordning for skjønnlitteratur for voksne,2025-06,363,283,0
2021,Skjønnlitteratur,Innkjøpsordningen for ny norsk skjønnlitteratur,2025-06,3,0,0
2021,Skjønnlitteratur,Selektiv ordning for skjønnlitteratur for barn og unge,2025-06,41,7,0
2021,Skjønnlitteratur,Selektiv ordning for skjønnlitteratur for voksne,2025-06,67,10,0
2021,Tegneserier,Innkjøpsordningen for nye norske tegneserier,2025-06,52,27,0
2022,Oversatt litteratur,Innkjøpsordningen for oversatt litteratur,2025-06,248,118,0
2022,Sakprosa,Innkjøpsordningen for ny norsk sakprosa for barn og unge,2025-06,60,25,0
2022,Sakprosa,Innkjøpsordningen for ny norsk sakprosa for voksne,2025-06,414,106,0
2022,Skjønnlitteratur,Automatisk ordning for skjønnlitteratur for barn og unge,2025-06,97,83,0
2022,Skjønnlitteratur,Automatisk ordning for skjønnlitteratur for voksne,2025-06,303,240,0
2022,Skjønnlitteratur,Selektiv ordning for skjønnlitteratur for barn og unge,2025-06,50,10,0
2022,Skjønnlitteratur,Selektiv ordning for skjønnlitteratur for voksne,2025-06,57,16,0
2022,Tegneserier,Innkjøpsordningen for nye norske tegneserier,2025-06,49,22,0
2023,Oversatt litteratur,Innkjøpsordningen for oversatt litteratur,2025-06,255,125,0
2023,Sakprosa,Innkjøpsordningen for ny norsk sakprosa for barn og unge,2025-06,56,30,0
2023,Sakprosa,Innkjøpsordningen for ny norsk sakprosa for voksne,2025-06,382,126,0
2023,Skjønnlitteratur,Automatisk ordning for skjønnlitteratur for barn og unge,2025-06,110,91,0
2023,Skjønnlitteratur,Automatisk ordning for skjønnlitteratur for voksne,2025-06,312,252,0
2023,Skjønnlitteratur,Selektiv ordning for skjønnlitteratur for barn og unge,2025-06,38,9,0
2023,Skjønnlitteratur,Selektiv ordning for skjønnlitteratur for voksne,2025-06,52,10,0
2023,Tegneserier,Innkjøpsordningen for nye norske tegneserier,2025-06,61,23,0
2024,Oversatt litteratur,Innkjøpsordningen for oversatt litteratur,2026-10,206,122,0
2024,Sakprosa,Innkjøpsordningen for ny norsk sakprosa for barn og unge,2026-10,53,26,0
2024,Sakprosa,Innkjøpsordningen for ny norsk sakprosa for voksne,2026-10,385,124,0
2024,Skjønnlitteratur,Automatisk ordning for skjønnlitteratur for barn og unge,2026-10,131,118,0
2024,Skjønnlitteratur,Automatisk ordning for skjønnlitteratur for voksne,2026-10,308,255,0
2024,Skjønnlitteratur,Selektiv ordning for skjønnlitteratur for barn og unge,2026-10,63,10,0
2024,Skjønnlitteratur,Selektiv ordning for skjønnlitteratur for voksne,2026-10,112,14,0
2024,Tegneserier,Innkjøpsordningen for nye norske tegneserier,2026-10,65,34,0
2025,Oversatt litteratur,Innkjøpsordningen for oversatt litteratur,2026-10,208,121,0
2025,Sakprosa,Innkjøpsordningen for ny norsk sakprosa for barn og unge,2026-10,69,31,0
2025,Sakprosa,Innkjøpsordningen for ny norsk sakprosa for voksne,2026-10,409,142,0
2025,Skjønnlitteratur,Automatisk ordning for skjønnlitteratur for barn og unge,2026-10,124,107,8
2025,Skjønnlitteratur,Automatisk ordning for skjønnlitteratur for voksne,2026-10,327,263,19
2025,Skjønnlitteratur,Selektiv ordning for skjønnlitteratur for barn og unge,2026-10,64,9,0
2025,Skjønnlitteratur,Selektiv ordning for skjønnlitteratur for voksne,2026-10,156,14,0
2025,Tegneserier,Innkjøpsordningen for nye norske tegneserier,2026-10,70,41,0
